"ZIP Code","Week Number","Week Start","Week End","Cases - Weekly","Cases - Cumulative","Case Rate - Weekly","Case Rate - Cumulative","Deaths - Weekly","Deaths - Cumulative","Death Rate - Weekly","Death Rate - Cumulative","Population.x","Total Doses - Daily","Total Doses - Cumulative","Vaccine Series Completed - Daily","Vaccine Series Completed - Cumulative","Vaccine Series Completed  - Percent Population","Population.y"
"60666",50,"12/12/2021",2021-12-18,0,6,0,0,0,0,0,0,0,0,124,0,74,0,0
"60604",50,"12/12/2021",2021-12-18,21,162,2685,20716.1,0,0,0,0,782,4,1983,0,773,0.939,823
"60606",51,"12/19/2021",2021-12-25,78,583,2515,18800.4,0,4,0,129,3101,0,7996,0,3323,1.01,3287
"60606",52,"12/26/2021",2022-01-01,80,663,2580,21380.2,1,5,32.2,161.2,3101,0,8106,0,3329,1.01,3287
"60608",2,"01/09/2022",2022-01-15,725,14298,915,18051.9,2,186,2.5,234.8,79205,250,123613,30,50201,0.627,80059
"60608",4,"01/23/2022",2022-01-29,184,14832,232,18726.1,3,192,3.8,242.4,79205,256,127544,69,51084,0.638,80059
"60608",7,"02/13/2022",2022-02-19,53,15050,67,19001.3,1,194,1.3,244.9,79205,110,131085,50,52224,0.652,80059
"60602",50,"12/12/2021",2021-12-18,25,180,2010,14469.5,0,3,0,241.2,1244,7,3412,3,1239,1.08,1145
"60602",51,"12/19/2021",2021-12-25,27,207,2170,16639.9,0,3,0,241.2,1244,0,3465,0,1244,1.09,1145
"60602",52,"12/26/2021",2022-01-01,38,245,3055,19694.5,0,3,0,241.2,1244,0,3518,0,1253,1.09,1145
"60610",50,"12/12/2021",2021-12-18,492,5359,1261,13734.3,0,37,0,94.8,39019,153,69521,14,28301,0.698,40548
"60610",51,"12/19/2021",2021-12-25,671,6030,1720,15454,0,37,0,94.8,39019,1,70807,0,28455,0.702,40548
"60610",52,"12/26/2021",2022-01-01,507,6537,1299,16753.4,0,37,0,94.8,39019,7,71763,0,28581,0.705,40548
"60612",50,"12/12/2021",2021-12-18,277,4951,807,14429.8,1,78,2.9,227.3,34311,75,44565,14,19078,0.566,33735
"60612",52,"12/26/2021",2022-01-01,732,6227,2133,18148.7,2,80,5.8,233.2,34311,3,46327,1,19380,0.574,33735
"60612",2,"01/09/2022",2022-01-15,310,7135,904,20795.1,1,86,2.9,250.6,34311,79,48251,9,19746,0.585,33735
"60612",4,"01/23/2022",2022-01-29,82,7377,239,21500.4,3,92,8.7,268.1,34311,46,49894,11,20204,0.599,33735
"60612",7,"02/13/2022",2022-02-19,22,7468,64,21765.6,0,93,0,271.1,34311,41,51449,18,20815,0.617,33735
"60601",50,"12/12/2021",2021-12-18,198,1889,1349,12872.2,0,12,0,81.8,14675,56,30360,6,12063,0.8,15083
"60601",51,"12/19/2021",2021-12-25,416,2305,2835,15707,0,12,0,81.8,14675,1,30944,0,12102,0.802,15083
"60601",52,"12/26/2021",2022-01-01,600,2905,4089,19795.6,0,12,0,81.8,14675,7,31525,0,12156,0.806,15083
"60601",2,"01/09/2022",2022-01-15,254,3765,1731,25655.9,1,13,6.8,88.6,14675,41,32454,3,12258,0.813,15083
"60601",6,"02/06/2022",2022-02-12,30,4067,204,27713.8,0,13,0,88.6,14675,23,33732,8,12427,0.824,15083
"60601",7,"02/13/2022",2022-02-19,19,4086,130,27843.3,0,13,0,88.6,14675,12,33852,2,12451,0.825,15083
"60614",2,"01/09/2022",2022-01-15,550,12315,771,17270.2,3,108,4.2,151.5,71308,225,128384,11,49980,0.695,71954
"60614",4,"01/23/2022",2022-01-29,229,12822,321,17981.2,0,109,0,152.9,71308,98,130321,20,50298,0.699,71954
"60602",2,"01/09/2022",2022-01-15,17,309,1367,24839.2,0,3,0,241.2,1244,8,3603,2,1266,1.11,1145
"60602",7,"02/13/2022",2022-02-19,2,329,161,26446.9,0,3,0,241.2,1244,3,3732,1,1284,1.12,1145
"60603",6,"02/06/2022",2022-02-12,2,254,170,21635.4,0,0,0,0,1174,0,4140,0,1419,1.35,1052
"60603",7,"02/13/2022",2022-02-19,3,257,256,21891,0,0,0,0,1174,4,4177,0,1421,1.35,1052
"60604",2,"01/09/2022",2022-01-15,17,302,2174,38618.9,0,0,0,0,782,2,2132,1,797,0.968,823
"60603",50,"12/12/2021",2021-12-18,22,134,1874,11414,0,0,0,0,1174,8,3702,0,1374,1.31,1052
"60604",4,"01/23/2022",2022-01-29,8,325,1023,41560.1,0,0,0,0,782,3,2193,0,806,0.979,823
"60604",52,"12/26/2021",2022-01-01,47,237,6010,30306.9,0,0,0,0,782,0,2058,0,784,0.953,823
"60603",52,"12/26/2021",2022-01-01,31,189,2640,16098.8,0,0,0,0,1174,1,3830,0,1387,1.32,1052
"60603",2,"01/09/2022",2022-01-15,18,242,1533,20613.3,0,0,0,0,1174,3,3943,0,1392,1.32,1052
"60605",7,"02/13/2022",2022-02-19,26,4815,94,17497,0,15,0,54.5,27519,19,60539,4,22964,0.79,29060
"60606",50,"12/12/2021",2021-12-18,44,505,1419,16285.1,0,4,0,129,3101,21,7833,1,3308,1.01,3287
"60606",2,"01/09/2022",2022-01-15,49,780,1580,25153.2,1,6,32.2,193.5,3101,10,8352,1,3358,1.02,3287
"60606",6,"02/06/2022",2022-02-12,1,826,32,26636.6,0,7,0,225.7,3101,3,8629,0,3393,1.03,3287
"60606",7,"02/13/2022",2022-02-19,5,831,161,26797.8,1,8,32.2,258,3101,5,8658,0,3400,1.03,3287
"60607",50,"12/12/2021",2021-12-18,338,3918,1142,13240.5,0,13,0,43.9,29591,106,53041,14,21936,0.749,29293
"60607",51,"12/19/2021",2021-12-25,537,4455,1815,15055.3,0,13,0,43.9,29591,1,54129,0,22064,0.753,29293
"60607",52,"12/26/2021",2022-01-01,538,4993,1818,16873.4,0,13,0,43.9,29591,1,54914,1,22170,0.757,29293
"60607",2,"01/09/2022",2022-01-15,268,5701,906,19266,0,14,0,47.3,29591,66,56597,17,22407,0.765,29293
"60607",6,"02/06/2022",2022-02-12,54,6047,182,20435.3,0,16,0,54.1,29591,34,58504,9,22823,0.779,29293
"60607",7,"02/13/2022",2022-02-19,14,6061,47,20482.6,0,16,0,54.1,29591,20,58707,6,22888,0.781,29293
"60608",50,"12/12/2021",2021-12-18,464,10159,586,12826.2,2,169,2.5,213.4,79205,380,114238,70,48915,0.611,80059
"60608",52,"12/26/2021",2022-01-01,1351,12354,1706,15597.5,4,181,5.1,228.5,79205,12,118365,0,49420,0.617,80059
"60615",50,"12/12/2021",2021-12-18,352,3802,847,9147.6,5,55,12,132.3,41563,174,65334,22,26776,0.66,40590
"60615",51,"12/19/2021",2021-12-25,526,4328,1266,10413.1,2,57,4.8,137.1,41563,4,66523,0,26914,0.663,40590
"60615",52,"12/26/2021",2022-01-01,629,4957,1513,11926.5,2,59,4.8,142,41563,6,67424,1,27052,0.666,40590
"60609",52,"12/26/2021",2022-01-01,1131,10820,1839,17594.9,4,182,6.5,296,61495,4,85786,2,36722,0.603,60939
"60609",2,"01/09/2022",2022-01-15,665,12351,1081,20084.6,7,194,11.4,315.5,61495,413,90339,49,37534,0.616,60939
"60610",2,"01/09/2022",2022-01-15,284,7328,728,18780.6,5,46,12.8,117.9,39019,76,73680,8,28858,0.712,40548
"60610",4,"01/23/2022",2022-01-29,125,7622,320,19534.1,2,49,5.1,125.6,39019,58,74934,14,29097,0.718,40548
"60610",6,"02/06/2022",2022-02-12,47,7739,120,19833.9,1,52,2.6,133.3,39019,32,75718,9,29341,0.724,40548
"60610",7,"02/13/2022",2022-02-19,30,7769,77,19910.8,1,53,2.6,135.8,39019,21,75974,10,29435,0.726,40548
"60611",50,"12/12/2021",2021-12-18,329,3446,1015,10627.3,1,20,3.1,61.7,32426,146,68205,5,26444,0.796,33224
"60611",52,"12/26/2021",2022-01-01,472,4481,1456,13819.2,1,21,3.1,64.8,32426,7,70322,0,26626,0.801,33224
"60611",51,"12/19/2021",2021-12-25,563,4009,1736,12363.5,0,20,0,61.7,32426,3,69312,0,26543,0.799,33224
"60611",2,"01/09/2022",2022-01-15,230,5223,709,16107.4,0,22,0,67.8,32426,71,71930,9,26825,0.807,33224
"60611",6,"02/06/2022",2022-02-12,55,5530,170,17054.2,0,26,0,80.2,32426,16,73626,0,27095,0.816,33224
"60611",7,"02/13/2022",2022-02-19,32,5562,99,17152.9,0,26,0,80.2,32426,25,73839,4,27123,0.816,33224
"60613",50,"12/12/2021",2021-12-18,476,5595,950,11164.8,0,52,0,103.8,50113,309,94871,27,38902,0.766,50761
"60613",52,"12/26/2021",2022-01-01,860,7331,1716,14628.9,1,53,2,105.8,50113,1,98301,1,39270,0.774,50761
"60613",2,"01/09/2022",2022-01-15,469,8571,936,17103.3,4,59,8,117.7,50113,121,101131,13,39620,0.781,50761
"60613",4,"01/23/2022",2022-01-29,170,8960,339,17879.6,2,61,4,121.7,50113,90,102955,14,39918,0.786,50761
"60613",6,"02/06/2022",2022-02-12,57,9102,114,18163,1,62,2,123.7,50113,55,104079,18,40180,0.792,50761
"60618",50,"12/12/2021",2021-12-18,552,11474,585,12155.3,2,138,2.1,146.2,94395,482,156649,54,66259,0.698,94907
"60618",51,"12/19/2021",2021-12-25,1052,12526,1114,13269.8,0,138,0,146.2,94395,2,160002,0,66719,0.703,94907
"60618",52,"12/26/2021",2022-01-01,1570,14096,1663,14933,2,140,2.1,148.3,94395,12,162778,5,67145,0.707,94907
"60614",50,"12/12/2021",2021-12-18,811,8824,1137,12374.5,1,99,1.4,138.8,71308,300,121171,32,49052,0.682,71954
"60614",51,"12/19/2021",2021-12-25,1116,9940,1565,13939.5,1,100,1.4,140.2,71308,0,123541,0,49352,0.686,71954
"60614",52,"12/26/2021",2022-01-01,900,10840,1262,15201.7,2,102,2.8,143,71308,6,125087,0,49551,0.689,71954
"60614",6,"02/06/2022",2022-02-12,95,13065,133,18321.9,0,113,0,158.5,71308,44,131435,9,50522,0.702,71954
"60615",2,"01/09/2022",2022-01-15,282,5824,678,14012.5,1,65,2.4,156.4,41563,104,69918,21,27437,0.676,40590
"60615",3,"01/16/2022",2022-01-22,123,5947,296,14308.4,3,68,7.2,163.6,41563,94,70768,24,27608,0.68,40590
"60615",6,"02/06/2022",2022-02-12,24,6096,58,14666.9,1,72,2.4,173.2,41563,46,72630,13,28175,0.694,40590
"60615",7,"02/13/2022",2022-02-19,38,6134,91,14758.3,1,73,2.4,175.6,41563,41,72996,13,28299,0.697,40590
"60616",3,"01/16/2022",2022-01-22,237,7833,435,14382,3,126,5.5,231.3,54464,254,96938,38,38326,0.707,54197
"60616",7,"02/13/2022",2022-02-19,50,8110,92,14890.6,0,132,0,242.4,54464,57,100168,25,39249,0.724,54197
"60622",50,"12/12/2021",2021-12-18,506,7501,958,14208.3,1,85,1.9,161,52793,280,92814,38,38601,0.724,53294
"60622",51,"12/19/2021",2021-12-25,837,8338,1585,15793.8,0,85,0,161,52793,2,94851,0,38838,0.729,53294
"60622",52,"12/26/2021",2022-01-01,829,9167,1570,17364,1,86,1.9,162.9,52793,3,96264,0,39031,0.732,53294
"60617",50,"12/12/2021",2021-12-18,544,10875,659,13176.4,7,193,8.5,233.8,82534,246,97861,64,42144,0.504,83553
"60617",52,"12/26/2021",2022-01-01,1316,12988,1594,15736.5,6,203,7.3,246,82534,6,101198,0,42750,0.512,83553
"60617",2,"01/09/2022",2022-01-15,519,14426,629,17478.9,11,220,13.3,266.6,82534,269,105178,53,43655,0.522,83553
"60617",4,"01/23/2022",2022-01-29,145,14840,176,17980.5,5,238,6.1,288.4,82534,244,108929,67,44710,0.535,83553
"60617",6,"02/06/2022",2022-02-12,42,14954,51,18118.6,0,239,0,289.6,82534,160,111660,80,45754,0.548,83553
"60623",52,"12/26/2021",2022-01-01,1568,15786,1824,18360.3,4,293,4.7,340.8,85979,6,114864,1,49469,0.609,81283
"60623",2,"01/09/2022",2022-01-15,821,18222,955,21193.5,5,303,5.8,352.4,85979,471,121313,45,50640,0.623,81283
"60623",3,"01/16/2022",2022-01-22,445,18667,518,21711.1,4,307,4.7,357.1,85979,486,124253,67,51290,0.631,81283
"60623",4,"01/23/2022",2022-01-29,187,18854,218,21928.6,3,310,3.5,360.6,85979,388,126922,111,52130,0.641,81283
"60617",7,"02/13/2022",2022-02-19,27,14981,33,18151.3,1,240,1.2,290.8,82534,143,112722,58,46183,0.553,83553
"60623",5,"01/30/2022",2022-02-05,95,18949,110,22039.1,3,313,3.5,364,85979,355,128926,137,52905,0.651,81283
"60623",6,"02/06/2022",2022-02-12,51,19000,59,22098.4,4,317,4.7,368.7,85979,318,131066,133,53759,0.661,81283
"60618",2,"01/09/2022",2022-01-15,765,16446,810,17422.5,6,151,6.4,160,94395,338,169145,31,68146,0.718,94907
"60618",3,"01/16/2022",2022-01-22,450,16896,477,17899.3,1,152,1.1,161,94395,309,171598,37,68619,0.723,94907
"60618",4,"01/23/2022",2022-01-29,278,17174,294,18193.8,2,154,2.1,163.1,94395,264,173624,66,69118,0.728,94907
"60618",5,"01/30/2022",2022-02-05,173,17347,183,18377,4,158,4.2,167.4,94395,275,175252,76,69654,0.734,94907
"60618",6,"02/06/2022",2022-02-12,97,17444,103,18479.8,2,160,2.1,169.5,94395,163,176607,45,70085,0.738,94907
"60618",7,"02/13/2022",2022-02-19,79,17523,84,18563.5,1,161,1.1,170.6,94395,149,177508,51,70451,0.742,94907
"60624",50,"12/12/2021",2021-12-18,290,4785,802,13233.6,1,100,2.8,276.6,36158,57,37929,14,16744,0.48,34892
"60624",52,"12/26/2021",2022-01-01,656,6013,1814,16629.8,1,103,2.8,284.9,36158,1,39401,0,17065,0.489,34892
"60624",2,"01/09/2022",2022-01-15,195,6791,539,18781.5,1,107,2.8,295.9,36158,98,41710,18,17629,0.505,34892
"60624",3,"01/16/2022",2022-01-22,109,6900,302,19082.9,2,109,5.5,301.5,36158,74,42738,21,17932,0.514,34892
"60624",5,"01/30/2022",2022-02-05,18,6994,50,19342.9,1,113,2.8,312.5,36158,76,44442,29,18583,0.533,34892
"60624",6,"02/06/2022",2022-02-12,16,7010,44,19387.1,0,113,0,312.5,36158,72,45322,34,18974,0.544,34892
"60625",50,"12/12/2021",2021-12-18,386,9844,487,12422.5,0,208,0,262.5,79243,392,131908,54,55767,0.702,79444
"60625",51,"12/19/2021",2021-12-25,910,10754,1148,13570.9,3,211,3.8,266.3,79243,6,134644,3,56134,0.707,79444
"60625",52,"12/26/2021",2022-01-01,1383,12137,1745,15316.2,3,214,3.8,270.1,79243,10,136861,1,56469,0.711,79444
"60625",1,"01/02/2022",2022-01-08,1218,13355,1537,16853.2,2,216,2.5,272.6,79243,352,139670,50,56904,0.716,79444
"60625",2,"01/09/2022",2022-01-15,735,14090,928,17780.8,0,216,0,272.6,79243,240,142302,21,57322,0.722,79444
"60625",3,"01/16/2022",2022-01-22,434,14524,548,18328.4,7,223,8.8,281.4,79243,243,144511,30,57705,0.726,79444
"60625",5,"01/30/2022",2022-02-05,151,14918,191,18825.6,4,231,5,291.5,79243,209,147828,57,58710,0.739,79444
"60625",6,"02/06/2022",2022-02-12,116,15034,146,18972,1,232,1.3,292.8,79243,157,149122,50,59193,0.745,79444
"60625",7,"02/13/2022",2022-02-19,78,15112,98,19070.5,2,234,2.5,295.3,79243,130,149943,39,59526,0.749,79444
"60626",1,"01/02/2022",2022-01-08,872,7786,1754,15656.5,3,184,6,370,49730,208,83217,45,34082,0.674,50544
"60626",2,"01/09/2022",2022-01-15,516,8302,1038,16694.1,3,187,6,376,49730,131,84755,7,34289,0.678,50544
"60626",3,"01/16/2022",2022-01-22,296,8598,595,17289.4,6,193,12.1,388.1,49730,136,85958,10,34508,0.683,50544
"60626",4,"01/23/2022",2022-01-29,130,8728,261,17550.8,4,197,8,396.1,49730,88,87052,17,34778,0.688,50544
"60626",5,"01/30/2022",2022-02-05,84,8812,169,17719.7,0,197,0,396.1,49730,117,87927,35,35057,0.694,50544
"60626",6,"02/06/2022",2022-02-12,59,8871,119,17838.3,2,199,4,400.2,49730,70,88616,22,35306,0.699,50544
"60619",50,"12/12/2021",2021-12-18,517,7170,844,11704.6,1,168,1.6,274.2,61258,158,72053,37,30742,0.502,61207
"60619",52,"12/26/2021",2022-01-01,1041,9048,1699,14770.3,4,175,6.5,285.7,61258,6,74868,0,31271,0.511,61207
"60619",1,"01/02/2022",2022-01-08,771,9819,1259,16028.9,7,182,11.4,297.1,61258,131,76245,41,31625,0.517,61207
"60619",2,"01/09/2022",2022-01-15,380,10199,620,16649.3,10,192,16.3,313.4,61258,140,77762,34,32007,0.523,61207
"60619",4,"01/23/2022",2022-01-29,85,10472,139,17094.9,8,207,13.1,337.9,61258,117,80299,40,32789,0.536,61207
"60619",6,"02/06/2022",2022-02-12,33,10566,54,17248.4,4,213,6.5,347.7,61258,105,82277,50,33547,0.548,61207
"60620",2,"01/09/2022",2022-01-15,388,11452,570,16817.4,13,248,19.1,364.2,68096,143,81297,22,33793,0.499,67711
"60620",3,"01/16/2022",2022-01-22,200,11652,294,17111.1,9,257,13.2,377.4,68096,172,82801,34,34197,0.505,67711
"60620",6,"02/06/2022",2022-02-12,49,11862,72,17419.5,1,272,1.5,399.4,68096,140,86307,73,35495,0.524,67711
"60620",7,"02/13/2022",2022-02-19,18,11880,26,17446,2,274,2.9,402.4,68096,115,87220,47,35873,0.53,67711
"60621",50,"12/12/2021",2021-12-18,253,3589,871,12358,1,113,3.4,389.1,29042,56,27346,16,11975,0.427,28018
"60621",51,"12/19/2021",2021-12-25,378,3967,1302,13659.5,4,117,13.8,402.9,29042,1,27835,1,12087,0.431,28018
"60621",52,"12/26/2021",2022-01-01,509,4476,1753,15412.2,4,121,13.8,416.6,29042,0,28411,0,12222,0.436,28018
"60621",1,"01/02/2022",2022-01-08,365,4841,1257,16669,6,127,20.7,437.3,29042,37,29078,16,12385,0.442,28018
"60621",2,"01/09/2022",2022-01-15,200,5041,689,17357.6,2,129,6.9,444.2,29042,71,29735,13,12539,0.448,28018
"60621",3,"01/16/2022",2022-01-22,77,5118,265,17622.8,5,134,17.2,461.4,29042,50,30413,23,12727,0.454,28018
"60621",6,"02/06/2022",2022-02-12,24,5229,83,18005,3,142,10.3,488.9,29042,31,32027,16,13385,0.478,28018
"60621",7,"02/13/2022",2022-02-19,17,5246,58,18063.5,1,143,3.4,492.4,29042,38,32421,12,13540,0.483,28018
"60632",50,"12/12/2021",2021-12-18,271,15377,298,16890.6,3,224,3.3,246,91039,422,134920,98,59760,0.665,89857
"60632",1,"01/02/2022",2022-01-08,1522,18988,1672,20857,5,232,5.5,254.8,91039,583,143424,135,61047,0.679,89857
"60632",2,"01/09/2022",2022-01-15,864,19852,949,21806,4,236,4.4,259.2,91039,533,147317,49,61653,0.686,89857
"60622",1,"01/02/2022",2022-01-08,771,9938,1460,18824.5,2,88,3.8,166.7,52793,150,97718,24,39237,0.736,53294
"60622",2,"01/09/2022",2022-01-15,433,10371,820,19644.6,6,94,11.4,178.1,52793,148,99128,14,39461,0.74,53294
"60622",3,"01/16/2022",2022-01-22,228,10599,432,20076.5,2,96,3.8,181.8,52793,123,100224,15,39639,0.744,53294
"60622",5,"01/30/2022",2022-02-05,105,10870,199,20589.9,0,98,0,185.6,52793,61,101805,19,40026,0.751,53294
"60622",6,"02/06/2022",2022-02-12,63,10933,119,20709.2,1,99,1.9,187.5,52793,50,102355,12,40193,0.754,53294
"60622",7,"02/13/2022",2022-02-19,43,10976,82,20790.6,0,99,0,187.5,52793,44,102741,13,40320,0.757,53294
"60631",50,"12/12/2021",2021-12-18,233,4606,789,15598.2,0,105,0,355.6,29529,127,48709,23,20738,0.702,29529
"60631",51,"12/19/2021",2021-12-25,370,4976,1253,16851.2,0,105,0,355.6,29529,1,49647,0,20878,0.707,29529
"60631",52,"12/26/2021",2022-01-01,466,5442,1578,18429.3,1,106,3.4,359,29529,1,50449,0,21007,0.711,29529
"60631",2,"01/09/2022",2022-01-15,367,6417,1243,21731.2,2,111,6.8,375.9,29529,79,52088,1,21283,0.721,29529
"60633",50,"12/12/2021",2021-12-18,78,1785,606,13868.4,1,22,7.8,170.9,12871,78,12116,9,5336,0.421,12689
"60633",52,"12/26/2021",2022-01-01,238,2150,1849,16704.2,0,22,0,170.9,12871,1,12491,0,5424,0.427,12689
"60633",5,"01/30/2022",2022-02-05,18,2472,140,19206,0,26,0,202,12871,19,13550,8,5709,0.45,12689
"60633",6,"02/06/2022",2022-02-12,8,2480,62,19268.1,0,26,0,202,12871,21,13704,7,5763,0.454,12689
"60633",7,"02/13/2022",2022-02-19,8,2488,62,19330.3,1,27,7.8,209.8,12871,20,13840,6,5815,0.458,12689
"60631",3,"01/16/2022",2022-01-22,219,6636,742,22472.8,1,112,3.4,379.3,29529,65,52725,9,21419,0.725,29529
"60631",4,"01/23/2022",2022-01-29,116,6752,393,22865.7,0,112,0,379.3,29529,68,53316,22,21580,0.731,29529
"60631",5,"01/30/2022",2022-02-05,83,6835,281,23146.7,0,112,0,379.3,29529,40,53621,18,21707,0.735,29529
"60631",6,"02/06/2022",2022-02-12,31,6866,105,23251.7,1,113,3.4,382.7,29529,54,53881,16,21795,0.738,29529
"60631",7,"02/13/2022",2022-02-19,24,6890,81,23333,0,113,0,382.7,29529,20,54064,10,21869,0.741,29529
"60623",50,"12/12/2021",2021-12-18,432,13295,502,15463.1,2,284,2.3,330.3,85979,338,110889,82,48747,0.6,81283
"60623",51,"12/19/2021",2021-12-25,923,14218,1074,16536.6,5,289,5.8,336.1,85979,1,112713,0,49054,0.603,81283
"60634",50,"12/12/2021",2021-12-18,456,13576,600,17864.3,3,199,3.9,261.9,75995,318,111328,55,48524,0.646,75082
"60634",51,"12/19/2021",2021-12-25,765,14341,1007,18871,5,204,6.6,268.4,75995,0,113405,0,48864,0.651,75082
"60634",52,"12/26/2021",2022-01-01,1467,15808,1930,20801.4,1,205,1.3,269.8,75995,10,115516,2,49234,0.656,75082
"60634",1,"01/02/2022",2022-01-08,1465,17273,1928,22729.1,11,216,14.5,284.2,75995,342,117951,66,49686,0.662,75082
"60634",5,"01/30/2022",2022-02-05,117,18876,154,24838.5,0,234,0,307.9,75995,246,126079,80,51596,0.687,75082
"60634",6,"02/06/2022",2022-02-12,92,18968,121,24959.5,1,235,1.3,309.2,75995,219,127485,80,52103,0.694,75082
"60636",1,"01/02/2022",2022-01-08,475,6154,1475,19110,9,139,27.9,431.6,32203,107,38204,17,16212,0.54,30024
"60638",50,"12/12/2021",2021-12-18,281,9942,478,16909,4,148,6.8,251.7,58797,200,80974,53,35342,0.602,58669
"60638",51,"12/19/2021",2021-12-25,567,10509,964,17873.4,7,155,11.9,263.6,58797,0,82504,0,35588,0.607,58669
"60638",6,"02/06/2022",2022-02-12,57,14168,97,24096.5,4,177,6.8,301,58797,186,92654,80,38069,0.649,58669
"60638",7,"02/13/2022",2022-02-19,36,14204,61,24157.7,2,179,3.4,304.4,58797,104,93353,32,38329,0.653,58669
"60626",50,"12/12/2021",2021-12-18,212,5656,426,11373.4,1,178,2,357.9,49730,226,78724,29,33383,0.66,50544
"60626",51,"12/19/2021",2021-12-25,468,6124,941,12314.5,1,179,2,359.9,49730,3,80263,0,33604,0.665,50544
"60626",52,"12/26/2021",2022-01-01,790,6914,1589,13903.1,2,181,4,364,49730,5,81548,1,33804,0.669,50544
"60626",7,"02/13/2022",2022-02-19,49,8920,98,17936.9,2,201,4,404.2,49730,44,89079,13,35454,0.701,50544
"60639",50,"12/12/2021",2021-12-18,406,17392,448,19214.1,5,276,5.5,304.9,90517,470,130807,88,58023,0.658,88204
"60639",51,"12/19/2021",2021-12-25,910,18302,1005,20219.4,2,278,2.2,307.1,90517,1,133121,0,58399,0.662,88204
"60639",3,"01/16/2022",2022-01-22,474,23569,524,26038.2,3,289,3.3,319.3,90517,525,146320,83,60829,0.69,88204
"60639",5,"01/30/2022",2022-02-05,98,23895,108,26398.4,3,294,3.3,324.8,90517,468,151940,197,62603,0.71,88204
"60639",6,"02/06/2022",2022-02-12,76,23971,84,26482.3,1,295,1.1,325.9,90517,412,154380,151,63592,0.721,88204
"60639",7,"02/13/2022",2022-02-19,69,24040,76,26558.5,1,296,1.1,327,90517,304,156082,155,64363,0.73,88204
"60628",50,"12/12/2021",2021-12-18,577,8121,865,12171,5,251,7.5,376.2,66724,154,73322,33,31266,0.487,64254
"60628",52,"12/26/2021",2022-01-01,1286,10347,1927,15507.2,5,259,7.5,388.2,66724,16,76108,1,31848,0.496,64254
"60628",2,"01/09/2022",2022-01-15,423,11647,634,17455.5,10,279,15,418.1,66724,184,79326,38,32613,0.508,64254
"60628",5,"01/30/2022",2022-02-05,39,11946,58,17903.6,5,300,7.5,449.6,66724,108,82974,54,33887,0.527,64254
"60628",6,"02/06/2022",2022-02-12,32,11978,48,17951.6,0,300,0,449.6,66724,82,83989,37,34292,0.534,64254
"60628",7,"02/13/2022",2022-02-19,26,12004,39,17990.5,3,303,4.5,454.1,66724,74,84805,31,34677,0.54,64254
"60634",7,"02/13/2022",2022-02-19,72,19040,95,25054.3,1,236,1.3,310.5,75995,170,128414,68,52506,0.699,75082
"60640",1,"01/02/2022",2022-01-08,932,9517,1337,13651.3,0,174,0,249.6,69715,253,129625,50,51543,0.743,69363
"60640",2,"01/09/2022",2022-01-15,638,10155,915,14566.4,2,176,2.9,252.5,69715,269,131628,18,51819,0.747,69363
"60640",3,"01/16/2022",2022-01-22,328,10483,470,15036.9,4,180,5.7,258.2,69715,132,133231,19,52093,0.751,69363
"60640",4,"01/23/2022",2022-01-29,183,10666,262,15299.4,3,183,4.3,262.5,69715,140,134381,27,52371,0.755,69363
"60629",50,"12/12/2021",2021-12-18,491,20380,439,18220.8,2,292,1.8,261.1,111850,581,165578,80,73310,0.666,110029
"60629",51,"12/19/2021",2021-12-25,973,21353,870,19090.7,5,297,4.5,265.5,111850,4,168391,0,73758,0.67,110029
"60629",52,"12/26/2021",2022-01-01,2189,23542,1957,21047.8,3,300,2.7,268.2,111850,14,171530,1,74365,0.676,110029
"60629",2,"01/09/2022",2022-01-15,1065,26583,952,23766.7,8,313,7.2,279.8,111850,581,180502,68,75976,0.691,110029
"60629",4,"01/23/2022",2022-01-29,253,27375,226,24474.7,7,327,6.3,292.4,111850,524,188616,153,77892,0.708,110029
"60629",5,"01/30/2022",2022-02-05,149,27524,133,24608,4,331,3.6,295.9,111850,429,191582,173,79040,0.718,110029
"60629",6,"02/06/2022",2022-02-12,114,27638,102,24709.9,4,335,3.6,299.5,111850,566,194850,248,80238,0.729,110029
"60629",7,"02/13/2022",2022-02-19,63,27701,56,24766.2,1,336,0.9,300.4,111850,379,197226,128,81182,0.738,110029
"60630",50,"12/12/2021",2021-12-18,277,7643,483,13328.3,2,153,3.5,266.8,57344,283,88203,53,37817,0.67,56433
"60630",51,"12/19/2021",2021-12-25,525,8168,916,14243.9,3,156,5.2,272,57344,2,89970,0,38087,0.675,56433
"60630",52,"12/26/2021",2022-01-01,1071,9239,1868,16111.5,1,157,1.7,273.8,57344,9,91472,3,38338,0.679,56433
"60630",1,"01/02/2022",2022-01-08,1076,10315,1876,17987.9,2,159,3.5,277.3,57344,236,93258,42,38665,0.685,56433
"60630",2,"01/09/2022",2022-01-15,607,10922,1058,19046.5,3,162,5.2,282.5,57344,187,94917,16,38953,0.69,56433
"60630",3,"01/16/2022",2022-01-22,360,11282,628,19674.2,4,166,7,289.5,57344,183,96447,15,39226,0.695,56433
"60630",4,"01/23/2022",2022-01-29,211,11493,368,20042.2,2,168,3.5,293,57344,181,97725,31,39556,0.701,56433
"60630",5,"01/30/2022",2022-02-05,117,11610,204,20246.2,6,174,10.5,303.4,57344,114,98602,35,39865,0.706,56433
"60630",6,"02/06/2022",2022-02-12,68,11678,119,20364.8,0,174,0,303.4,57344,119,99424,40,40186,0.712,56433
"60637",50,"12/12/2021",2021-12-18,426,5478,898,11543.8,0,74,0,155.9,47454,125,56522,25,23651,0.5,47300
"60637",51,"12/19/2021",2021-12-25,637,6115,1342,12886.2,0,74,0,155.9,47454,0,57545,0,23819,0.504,47300
"60637",1,"01/02/2022",2022-01-08,747,7617,1574,16051.3,4,80,8.4,168.6,47454,115,59889,31,24292,0.514,47300
"60637",2,"01/09/2022",2022-01-15,342,7959,721,16772,3,83,6.3,174.9,47454,126,61159,26,24536,0.519,47300
"60637",3,"01/16/2022",2022-01-22,162,8121,341,17113.4,7,90,14.8,189.7,47454,88,62171,17,24793,0.524,47300
"60637",4,"01/23/2022",2022-01-29,111,8232,234,17347.3,2,92,4.2,193.9,47454,93,63186,27,25165,0.532,47300
"60641",50,"12/12/2021",2021-12-18,353,11384,497,16028.6,2,151,2.8,212.6,71023,335,110171,55,48094,0.688,69880
"60641",51,"12/19/2021",2021-12-25,633,12017,891,16919.9,3,154,4.2,216.8,71023,2,112304,0,48461,0.693,69880
"60641",52,"12/26/2021",2022-01-01,1387,13404,1953,18872.8,1,155,1.4,218.2,71023,11,114368,1,48789,0.698,69880
"60641",4,"01/23/2022",2022-01-29,218,16159,307,22751.8,2,169,2.8,238,71023,300,123786,50,50532,0.723,69880
"60641",5,"01/30/2022",2022-02-05,119,16278,168,22919.3,5,174,7,245,71023,241,125338,94,51094,0.731,69880
"60643",52,"12/26/2021",2022-01-01,964,8179,1933,16400.6,2,175,4,350.9,49870,5,73974,0,30147,0.617,48887
"60643",6,"02/06/2022",2022-02-12,24,9472,48,18993.4,2,200,4,401,49870,81,79837,43,31840,0.651,48887
"60644",7,"02/13/2022",2022-02-19,17,9311,36,19515,0,197,0,412.9,47712,81,57543,40,24023,0.516,46591
"60645",7,"02/13/2022",2022-02-19,46,9678,96,20275.7,2,149,4.2,312.2,47732,49,86474,21,34988,0.74,47270
"60646",50,"12/12/2021",2021-12-18,196,3911,700,13974.3,1,83,3.6,296.6,27987,114,48779,19,20309,0.711,28569
"60646",51,"12/19/2021",2021-12-25,289,4200,1033,15007,1,84,3.6,300.1,27987,1,49744,0,20442,0.716,28569
"60646",52,"12/26/2021",2022-01-01,469,4669,1676,16682.7,1,85,3.6,303.7,27987,8,50575,1,20578,0.72,28569
"60646",1,"01/02/2022",2022-01-08,528,5197,1887,18569.3,4,89,14.3,318,27987,95,51485,17,20729,0.726,28569
"60646",2,"01/09/2022",2022-01-15,264,5461,943,19512.6,2,91,7.1,325.2,27987,60,52291,4,20881,0.731,28569
"60646",3,"01/16/2022",2022-01-22,188,5649,672,20184.4,2,93,7.1,332.3,27987,72,52950,6,21025,0.736,28569
"60646",7,"02/13/2022",2022-02-19,26,5884,93,21024,1,95,3.6,339.4,27987,30,54241,12,21461,0.751,28569
"60631",1,"01/02/2022",2022-01-08,608,6050,2059,20488.3,3,109,10.2,369.1,29529,120,51332,21,21138,0.716,29529
"60632",3,"01/16/2022",2022-01-22,494,20346,543,22348.7,2,238,2.2,261.4,91039,493,150709,60,62326,0.694,89857
"60632",6,"02/06/2022",2022-02-12,83,20781,91,22826.5,5,249,5.5,273.5,91039,427,158513,167,64930,0.723,89857
"60632",7,"02/13/2022",2022-02-19,52,20833,57,22883.6,0,249,0,273.5,91039,258,160247,71,65597,0.73,89857
"60633",1,"01/02/2022",2022-01-08,157,2307,1220,17924,1,23,7.8,178.7,12871,35,12716,11,5485,0.432,12689
"60633",2,"01/09/2022",2022-01-15,78,2385,606,18530,2,25,15.5,194.2,12871,70,12985,8,5530,0.436,12689
"60633",4,"01/23/2022",2022-01-29,25,2454,194,19066.1,0,26,0,202,12871,22,13374,7,5648,0.445,12689
"60634",2,"01/09/2022",2022-01-15,737,18010,970,23698.9,4,220,5.3,289.5,75995,333,120348,32,50067,0.667,75082
"60634",3,"01/16/2022",2022-01-22,499,18509,657,24355.5,7,227,9.2,298.7,75995,332,122509,27,50483,0.672,75082
"60634",4,"01/23/2022",2022-01-29,250,18759,329,24684.5,7,234,9.2,307.9,75995,278,124568,67,51065,0.68,75082
"60636",50,"12/12/2021",2021-12-18,230,4664,714,14483.1,3,126,9.3,391.3,32203,87,35765,26,15715,0.523,30024
"60636",51,"12/19/2021",2021-12-25,397,5061,1233,15715.9,2,128,6.2,397.5,32203,0,36429,0,15840,0.528,30024
"60636",52,"12/26/2021",2022-01-01,618,5679,1919,17635,2,130,6.2,403.7,32203,5,37185,1,16013,0.533,30024
"60636",2,"01/09/2022",2022-01-15,233,6387,724,19833.6,3,142,9.3,441,32203,80,39219,15,16422,0.547,30024
"60636",3,"01/16/2022",2022-01-22,108,6495,335,20168.9,10,152,31.1,472,32203,106,40178,24,16682,0.556,30024
"60636",4,"01/23/2022",2022-01-29,53,6548,165,20333.5,4,156,12.4,484.4,32203,100,41077,40,17012,0.567,30024
"60636",5,"01/30/2022",2022-02-05,28,6576,87,20420.5,2,158,6.2,490.6,32203,92,41789,41,17301,0.576,30024
"60636",6,"02/06/2022",2022-02-12,19,6595,59,20479.5,0,158,0,490.6,32203,87,42581,44,17614,0.587,30024
"60636",7,"02/13/2022",2022-02-19,24,6619,74,20554,3,161,9.3,500,32203,44,43158,22,17870,0.595,30024
"60647",50,"12/12/2021",2021-12-18,592,11815,676,13501.5,0,164,0,187.4,87509,393,145067,69,61154,0.698,87633
"60647",51,"12/19/2021",2021-12-25,1082,12897,1236,14737.9,1,165,1.1,188.6,87509,2,148108,1,61548,0.702,87633
"60647",52,"12/26/2021",2022-01-01,1291,14188,1475,16213.2,2,167,2.3,190.8,87509,10,150511,2,61869,0.706,87633
"60647",7,"02/13/2022",2022-02-19,63,17061,72,19496.3,0,187,0,213.7,87509,108,162984,52,64571,0.737,87633
"60637",52,"12/26/2021",2022-01-01,755,6870,1591,14477.2,2,76,4.2,160.2,47454,5,58452,2,24001,0.507,47300
"60637",5,"01/30/2022",2022-02-05,92,8324,194,17541.2,2,94,4.2,198.1,47454,83,63916,32,25429,0.538,47300
"60637",6,"02/06/2022",2022-02-12,115,8439,242,17783.5,1,95,2.1,200.2,47454,57,64569,18,25716,0.544,47300
"60637",7,"02/13/2022",2022-02-19,132,8571,278,18061.7,0,95,0,200.2,47454,66,65021,39,25928,0.548,47300
"60638",52,"12/26/2021",2022-01-01,1210,11719,2058,19931.3,5,160,8.5,272.1,58797,6,83991,3,35845,0.611,58669
"60638",1,"01/02/2022",2022-01-08,1236,12955,2102,22033.4,2,162,3.4,275.5,58797,232,85682,47,36152,0.616,58669
"60638",2,"01/09/2022",2022-01-15,567,13522,964,22997.8,6,168,10.2,285.7,58797,188,87447,20,36448,0.621,58669
"60638",4,"01/23/2022",2022-01-29,172,14033,292,23866.9,2,172,3.4,292.5,58797,202,90437,67,37231,0.635,58669
"60639",1,"01/02/2022",2022-01-08,1949,22164,2153,24486,3,283,3.3,312.6,90517,566,139165,135,59504,0.675,88204
"60639",2,"01/09/2022",2022-01-15,931,23095,1028,25514.5,3,286,3.3,316,90517,600,143099,81,60164,0.682,88204
"60640",50,"12/12/2021",2021-12-18,432,6795,620,9746.8,0,169,0,242.4,69715,355,123231,37,50543,0.729,69363
"60640",51,"12/19/2021",2021-12-25,840,7635,1205,10951.7,2,171,2.9,245.3,69715,6,125455,1,50799,0.732,69363
"60640",52,"12/26/2021",2022-01-01,950,8585,1363,12314.4,3,174,4.3,249.6,69715,14,127340,6,51105,0.737,69363
"60640",5,"01/30/2022",2022-02-05,100,10766,143,15442.9,3,186,4.3,266.8,69715,155,135312,37,52625,0.759,69363
"60640",6,"02/06/2022",2022-02-12,75,10841,108,15550.5,0,186,0,266.8,69715,75,136090,24,52873,0.762,69363
"60640",7,"02/13/2022",2022-02-19,61,10902,88,15638,0,186,0,266.8,69715,52,136546,19,53011,0.764,69363
"60641",1,"01/02/2022",2022-01-08,1419,14823,1998,20870.7,5,160,7,225.3,71023,365,116910,56,49238,0.705,69880
"60641",2,"01/09/2022",2022-01-15,739,15562,1040,21911.2,3,163,4.2,229.5,71023,322,119480,48,49638,0.71,69880
"60641",3,"01/16/2022",2022-01-22,379,15941,534,22444.8,4,167,5.6,235.1,71023,277,121755,29,50064,0.716,69880
"60641",6,"02/06/2022",2022-02-12,81,16359,114,23033.4,3,177,4.2,249.2,71023,198,126779,67,51612,0.739,69880
"60641",7,"02/13/2022",2022-02-19,51,16410,72,23105.2,0,177,0,249.2,71023,159,127752,71,52045,0.745,69880
"60649",1,"01/02/2022",2022-01-08,538,7105,1169,15437.6,5,195,10.9,423.7,46024,113,51463,21,21424,0.459,46633
"60642",7,"02/13/2022",2022-02-19,12,4208,59,20830.7,0,30,0,148.5,20201,17,38541,8,15268,0.774,19716
"60643",50,"12/12/2021",2021-12-18,409,6479,820,12991.8,3,169,6,338.9,49870,213,71382,48,29692,0.607,48887
"60643",51,"12/19/2021",2021-12-25,736,7215,1476,14467.6,4,173,8,346.9,49870,0,72788,0,29924,0.612,48887
"60649",5,"01/30/2022",2022-02-05,37,7651,80,16623.9,2,217,4.3,471.5,46024,97,54912,33,22457,0.482,46633
"60649",6,"02/06/2022",2022-02-12,27,7678,59,16682.6,0,217,0,471.5,46024,57,55626,14,22734,0.488,46633
"60642",50,"12/12/2021",2021-12-18,234,2967,1158,14687.4,1,25,5,123.8,20201,90,34891,7,14634,0.742,19716
"60642",51,"12/19/2021",2021-12-25,310,3277,1535,16222,1,26,5,128.7,20201,1,35619,0,14717,0.746,19716
"60642",52,"12/26/2021",2022-01-01,274,3551,1356,17578.3,0,26,0,128.7,20201,4,36141,0,14783,0.75,19716
"60642",1,"01/02/2022",2022-01-08,316,3867,1564,19142.6,1,27,5,133.7,20201,66,36697,11,14867,0.754,19716
"60642",2,"01/09/2022",2022-01-15,152,4019,752,19895.1,1,28,5,138.6,20201,47,37191,7,14941,0.758,19716
"60642",3,"01/16/2022",2022-01-22,77,4096,381,20276.2,0,28,0,138.6,20201,41,37606,6,15005,0.761,19716
"60642",4,"01/23/2022",2022-01-29,55,4151,272,20548.5,1,29,5,143.6,20201,33,37921,7,15090,0.765,19716
"60642",5,"01/30/2022",2022-02-05,22,4173,109,20657.4,1,30,5,148.5,20201,20,38143,5,15146,0.768,19716
"60642",6,"02/06/2022",2022-02-12,23,4196,114,20771.2,0,30,0,148.5,20201,19,38395,4,15212,0.772,19716
"60649",50,"12/12/2021",2021-12-18,371,5210,806,11320.2,1,184,2.2,399.8,46024,104,48553,24,20766,0.445,46633
"60649",51,"12/19/2021",2021-12-25,594,5804,1291,12610.8,2,186,4.3,404.1,46024,1,49496,0,20967,0.45,46633
"60649",52,"12/26/2021",2022-01-01,763,6567,1658,14268.6,4,190,8.7,412.8,46024,5,50354,1,21168,0.454,46633
"60649",2,"01/09/2022",2022-01-15,313,7418,680,16117.7,7,202,15.2,438.9,46024,106,52432,17,21634,0.464,46633
"60649",3,"01/16/2022",2022-01-22,125,7543,272,16389.3,6,208,13,451.9,46024,86,53338,13,21882,0.469,46633
"60649",4,"01/23/2022",2022-01-29,71,7614,154,16543.5,7,215,15.2,467.1,46024,85,54219,32,22207,0.476,46633
"60651",50,"12/12/2021",2021-12-18,371,9916,587,15685.4,0,163,0,257.8,63218,180,79456,31,35209,0.555,63492
"60651",51,"12/19/2021",2021-12-25,680,10596,1076,16761,2,165,3.2,261,63218,1,80972,0,35487,0.559,63492
"60651",52,"12/26/2021",2022-01-01,1164,11760,1841,18602.3,4,169,6.3,267.3,63218,10,82475,0,35736,0.563,63492
"60651",1,"01/02/2022",2022-01-08,1013,12773,1602,20204.7,4,173,6.3,273.7,63218,233,84583,47,36173,0.57,63492
"60651",2,"01/09/2022",2022-01-15,565,13338,894,21098.4,2,175,3.2,276.8,63218,244,86854,30,36600,0.576,63492
"60651",3,"01/16/2022",2022-01-22,312,13650,494,21592,1,176,1.6,278.4,63218,241,88854,38,37042,0.583,63492
"60651",4,"01/23/2022",2022-01-29,142,13792,225,21816.6,0,176,0,278.4,63218,173,90777,46,37650,0.593,63492
"60651",5,"01/30/2022",2022-02-05,77,13869,122,21938.4,3,179,4.7,283.1,63218,228,92321,95,38284,0.603,63492
"60651",6,"02/06/2022",2022-02-12,57,13926,90,22028.5,1,180,1.6,284.7,63218,157,93787,63,38872,0.612,63492
"60651",7,"02/13/2022",2022-02-19,30,13956,48,22076,0,180,0,284.7,63218,130,94915,61,39406,0.621,63492
"60643",1,"01/02/2022",2022-01-08,672,8851,1348,17748.1,5,180,10,360.9,49870,128,75264,36,30441,0.623,48887
"60652",50,"12/12/2021",2021-12-18,277,6861,631,15626.2,1,114,2.3,259.6,43907,199,62340,44,27086,0.623,43447
"60652",51,"12/19/2021",2021-12-25,534,7395,1216,16842.4,2,116,4.6,264.2,43907,1,63464,1,27248,0.627,43447
"60652",52,"12/26/2021",2022-01-01,1033,8428,2353,19195.1,2,118,4.6,268.7,43907,4,64616,0,27450,0.632,43447
"60652",7,"02/13/2022",2022-02-19,28,10059,64,22909.8,0,134,0,305.2,43907,96,72895,37,29719,0.684,43447
"60643",2,"01/09/2022",2022-01-15,298,9149,598,18345.7,5,185,10,371,49870,116,76582,21,30712,0.628,48887
"60643",3,"01/16/2022",2022-01-22,157,9306,315,18660.5,8,193,16,387,49870,121,77621,19,31002,0.634,48887
"60643",4,"01/23/2022",2022-01-29,102,9408,204,18865,4,197,8,395,49870,90,78487,28,31297,0.64,48887
"60643",5,"01/30/2022",2022-02-05,40,9448,80,18945.3,1,198,2,397,49870,88,79185,34,31567,0.646,48887
"60605",50,"12/12/2021",2021-12-18,285,2901,1036,10541.8,0,14,0,50.9,27519,107,55065,15,22217,0.765,29060
"60609",50,"12/12/2021",2021-12-18,342,9167,556,14906.9,1,172,1.6,279.7,61495,272,82749,41,36252,0.595,60939
"60616",50,"12/12/2021",2021-12-18,315,5140,578,9437.4,0,114,0,209.3,54464,271,87582,49,36708,0.677,54197
"60620",50,"12/12/2021",2021-12-18,595,8107,874,11905.3,5,216,7.3,317.2,68096,140,75168,33,32435,0.479,67711
"60601",3,"01/16/2022",2022-01-22,150,3915,1022,26678,0,13,0,88.6,14675,39,32879,2,12309,0.816,15083
"60606",3,"01/16/2022",2022-01-22,27,807,871,26023.9,0,6,0,193.5,3101,9,8440,1,3367,1.02,3287
"60611",3,"01/16/2022",2022-01-22,125,5348,386,16492.9,1,23,3.1,70.9,32426,47,72504,4,26901,0.81,33224
"60666",3,"01/16/2022",2022-01-22,0,8,0,0,0,0,0,0,0,0,129,0,74,0,0
"60601",1,"01/02/2022",2022-01-08,606,3511,4130,23925,0,12,0,81.8,14675,38,32017,6,12213,0.81,15083
"60602",3,"01/16/2022",2022-01-22,8,317,643,25482.3,0,3,0,241.2,1244,2,3640,0,1272,1.11,1145
"60606",1,"01/02/2022",2022-01-08,68,731,2193,23573,0,5,0,161.2,3101,6,8237,0,3348,1.02,3287
"60607",3,"01/16/2022",2022-01-22,153,5854,517,19783,2,16,6.8,54.1,29591,48,57297,6,22507,0.768,29293
"60611",1,"01/02/2022",2022-01-08,512,4993,1579,15398.1,1,22,3.1,67.8,32426,75,71194,12,26727,0.804,33224
"60653",50,"12/12/2021",2021-12-18,331,4065,1035,12714.2,1,79,3.1,247.1,31972,87,39686,18,16736,0.505,33154
"60653",51,"12/19/2021",2021-12-25,529,4594,1655,14368.8,2,81,6.3,253.3,31972,0,40467,0,16849,0.508,33154
"60653",52,"12/26/2021",2022-01-01,675,5269,2111,16480,4,85,12.5,265.9,31972,5,41153,1,16993,0.513,33154
"60610",3,"01/16/2022",2022-01-22,169,7497,433,19213.7,1,47,2.6,120.5,39019,56,74359,6,28967,0.714,40548
"60666",1,"01/02/2022",2022-01-08,1,8,0,0,0,0,0,0,0,0,128,0,74,0,0
"60653",1,"01/02/2022",2022-01-08,480,5749,1501,17981.4,4,89,12.5,278.4,31972,114,42023,34,17206,0.519,33154
"60653",2,"01/09/2022",2022-01-15,223,5972,698,18678.8,1,90,3.1,281.5,31972,83,42844,17,17379,0.524,33154
"60602",1,"01/02/2022",2022-01-08,47,292,3778,23472.7,0,3,0,241.2,1244,2,3566,0,1259,1.1,1145
"60607",1,"01/02/2022",2022-01-08,440,5433,1487,18360.3,1,14,3.4,47.3,29591,72,55730,10,22281,0.761,29293
"60603",3,"01/16/2022",2022-01-22,3,245,256,20868.8,0,0,0,0,1174,6,3997,0,1402,1.33,1052
"60614",3,"01/16/2022",2022-01-22,278,12593,390,17660,1,109,1.4,152.9,71308,116,129466,16,50135,0.697,71954
"60615",1,"01/02/2022",2022-01-08,585,5542,1408,13334,5,64,12,154,41563,124,68780,22,27263,0.672,40590
"60653",3,"01/16/2022",2022-01-22,117,6089,366,19044.8,1,91,3.1,284.6,31972,73,43443,14,17512,0.528,33154
"60653",4,"01/23/2022",2022-01-29,53,6142,166,19210.6,3,94,9.4,294,31972,62,44109,27,17760,0.536,33154
"60653",5,"01/30/2022",2022-02-05,25,6167,78,19288.8,3,97,9.4,303.4,31972,60,44627,23,17969,0.542,33154
"60653",6,"02/06/2022",2022-02-12,20,6187,63,19351.3,1,98,3.1,306.5,31972,68,45170,18,18140,0.547,33154
"60653",7,"02/13/2022",2022-02-19,12,6199,38,19388.8,0,98,0,306.5,31972,46,45566,23,18303,0.552,33154
"60604",3,"01/16/2022",2022-01-22,15,317,1918,40537.1,0,0,0,0,782,4,2168,1,802,0.974,823
"60608",3,"01/16/2022",2022-01-22,350,14648,442,18493.8,3,189,3.8,238.6,79205,357,125740,47,50612,0.632,80059
"60603",1,"01/02/2022",2022-01-08,35,224,2981,19080.1,0,0,0,0,1174,4,3886,1,1391,1.32,1052
"60610",1,"01/02/2022",2022-01-08,507,7044,1299,18052.7,4,41,10.3,105.1,39019,84,72760,9,28720,0.708,40548
"60613",3,"01/16/2022",2022-01-22,219,8790,437,17540.4,0,59,0,117.7,50113,126,102152,19,39767,0.783,50761
"60614",1,"01/02/2022",2022-01-08,925,11765,1297,16498.9,3,105,4.2,147.2,71308,210,126856,29,49773,0.692,71954
"60629",3,"01/16/2022",2022-01-22,539,27122,482,24248.5,7,320,6.3,286.1,111850,853,184816,109,76866,0.699,110029
"60613",1,"01/02/2022",2022-01-08,771,8102,1538,16167.5,2,55,4,109.8,50113,211,99843,28,39458,0.777,50761
"60618",1,"01/02/2022",2022-01-08,1585,15681,1679,16612.1,5,145,5.3,153.6,94395,482,166021,70,67680,0.713,94907
"60623",1,"01/02/2022",2022-01-08,1615,17401,1878,20238.7,5,298,5.8,346.6,85979,449,117992,104,50048,0.616,81283
"60629",1,"01/02/2022",2022-01-08,1976,25518,1767,22814.5,5,305,4.5,272.7,111850,706,175671,145,75163,0.683,110029
"60638",3,"01/16/2022",2022-01-22,339,13861,577,23574.3,2,170,3.4,289.1,58797,245,89066,16,36811,0.627,58669
"60604",1,"01/02/2022",2022-01-08,48,285,6138,36445,0,0,0,0,782,8,2102,2,793,0.964,823
"60608",1,"01/02/2022",2022-01-08,1219,13573,1539,17136.5,3,184,3.8,232.3,79205,379,121075,71,49839,0.623,80059
"60617",1,"01/02/2022",2022-01-08,919,13907,1114,16850,6,209,7.3,253.2,82534,199,103068,50,43199,0.517,83553
"60619",3,"01/16/2022",2022-01-22,188,10387,307,16956.2,7,199,11.4,324.9,61258,162,79095,41,32380,0.529,61207
"60612",1,"01/02/2022",2022-01-08,598,6825,1743,19891.6,5,85,14.6,247.7,34311,87,47353,17,19561,0.58,33735
"60612",3,"01/16/2022",2022-01-22,160,7295,466,21261.4,3,89,8.7,259.4,34311,70,49130,11,19943,0.591,33735
"60617",3,"01/16/2022",2022-01-22,269,14695,326,17804.8,13,233,15.8,282.3,82534,249,107104,44,44162,0.529,83553
"60628",1,"01/02/2022",2022-01-08,877,11224,1314,16821.5,10,269,15,403.2,66724,145,77718,47,32245,0.502,64254
"60633",3,"01/16/2022",2022-01-22,44,2429,342,18871.9,1,26,7.8,202,12871,23,13184,3,5587,0.44,12689
"60644",50,"12/12/2021",2021-12-18,339,6208,710,13011.4,2,158,4.2,331.2,47712,90,48508,19,21358,0.458,46591
"60644",51,"12/19/2021",2021-12-25,680,6888,1425,14436.6,4,162,8.4,339.5,47712,0,49375,0,21532,0.462,46591
"60644",52,"12/26/2021",2022-01-01,1027,7915,2152,16589.1,4,166,8.4,347.9,47712,2,50231,1,21713,0.466,46591
"60628",3,"01/16/2022",2022-01-22,176,11823,264,17719.3,11,290,16.5,434.6,66724,154,80658,49,33017,0.514,64254
"60644",1,"01/02/2022",2022-01-08,738,8653,1547,18135.9,6,172,12.6,360.5,47712,98,51402,30,21983,0.472,46591
"60644",2,"01/09/2022",2022-01-15,329,8982,690,18825.5,8,180,16.8,377.3,47712,101,52677,17,22259,0.478,46591
"60609",1,"01/02/2022",2022-01-08,866,11686,1408,19003.2,5,187,8.1,304.1,61495,245,87923,67,37137,0.609,60939
"60609",3,"01/16/2022",2022-01-22,291,12642,473,20557.8,3,197,4.9,320.4,61495,255,92382,41,37972,0.623,60939
"60620",1,"01/02/2022",2022-01-08,833,11064,1223,16247.7,9,235,13.2,345.1,68096,168,79669,44,33427,0.494,67711
"60624",1,"01/02/2022",2022-01-08,583,6596,1612,18242.2,3,106,8.3,293.2,36158,70,40484,17,17332,0.497,34892
"60644",3,"01/16/2022",2022-01-22,161,9143,337,19162.9,6,186,12.6,389.8,47712,133,53871,14,22531,0.484,46591
"60644",4,"01/23/2022",2022-01-29,75,9218,157,19320.1,4,190,8.4,398.2,47712,95,54969,33,22910,0.492,46591
"60644",5,"01/30/2022",2022-02-05,43,9261,90,19410.2,3,193,6.3,404.5,47712,135,55893,48,23288,0.5,46591
"60644",6,"02/06/2022",2022-02-12,33,9294,69,19479.4,4,197,8.4,412.9,47712,79,56844,40,23689,0.508,46591
"60605",1,"01/02/2022",2022-01-08,411,4281,1494,15556.5,0,14,0,50.9,27519,74,57703,16,22547,0.776,29060
"60605",3,"01/16/2022",2022-01-22,112,4625,407,16806.6,0,14,0,50.9,27519,67,59130,4,22719,0.782,29060
"60616",1,"01/02/2022",2022-01-08,661,7190,1214,13201.4,1,121,1.8,222.2,54464,347,93025,154,37631,0.694,54197
"60654",50,"12/12/2021",2021-12-18,296,3017,1547,15766.9,0,6,0,31.4,19135,89,39923,7,16470,0.823,20022
"60654",51,"12/19/2021",2021-12-25,414,3431,2164,17930.5,0,6,0,31.4,19135,0,40821,0,16545,0.826,20022
"60654",52,"12/26/2021",2022-01-01,232,3663,1212,19142.9,0,6,0,31.4,19135,6,41457,1,16607,0.829,20022
"60654",1,"01/02/2022",2022-01-08,309,3972,1615,20757.8,2,8,10.5,41.8,19135,56,41985,2,16669,0.833,20022
"60654",2,"01/09/2022",2022-01-15,143,4115,747,21505.1,0,8,0,41.8,19135,40,42522,3,16737,0.836,20022
"60654",3,"01/16/2022",2022-01-22,65,4180,340,21844.8,0,8,0,41.8,19135,46,42881,6,16789,0.839,20022
"60654",4,"01/23/2022",2022-01-29,53,4233,277,22121.8,0,8,0,41.8,19135,30,43182,6,16843,0.841,20022
"60654",5,"01/30/2022",2022-02-05,25,4258,131,22252.4,0,8,0,41.8,19135,33,43446,4,16883,0.843,20022
"60654",6,"02/06/2022",2022-02-12,30,4288,157,22409.2,0,8,0,41.8,19135,20,43643,1,16922,0.845,20022
"60654",7,"02/13/2022",2022-02-19,10,4298,52,22461.5,0,8,0,41.8,19135,17,43748,5,16948,0.846,20022
"60608",51,"12/19/2021",2021-12-25,844,11003,1066,13891.8,8,177,10.1,223.5,79205,1,116385,0,49149,0.614,80059
"60613",51,"12/19/2021",2021-12-25,876,6471,1748,12912.8,0,52,0,103.8,50113,2,96821,0,39102,0.77,50761
"60603",51,"12/19/2021",2021-12-25,24,158,2044,13458.3,0,0,0,0,1174,0,3756,0,1386,1.32,1052
"60604",51,"12/19/2021",2021-12-25,28,190,3581,24296.7,0,0,0,0,782,0,2028,0,780,0.948,823
"60612",51,"12/19/2021",2021-12-25,544,5495,1586,16015.3,0,78,0,227.3,34311,1,45523,0,19239,0.57,33735
"60617",51,"12/19/2021",2021-12-25,797,11672,966,14142.1,4,197,4.8,238.7,82534,1,99596,0,42433,0.508,83553
"60619",51,"12/19/2021",2021-12-25,837,8007,1366,13070.9,3,171,4.9,279.1,61258,1,73449,0,30982,0.506,61207
"60633",51,"12/19/2021",2021-12-25,127,1912,987,14855.1,0,22,0,170.9,12871,0,12306,0,5380,0.424,12689
"60605",51,"12/19/2021",2021-12-25,466,3367,1693,12235.2,0,14,0,50.9,27519,0,56141,0,22342,0.769,29060
"60609",51,"12/19/2021",2021-12-25,522,9689,849,15755.8,6,178,9.8,289.5,61495,2,84234,0,36488,0.599,60939
"60616",51,"12/19/2021",2021-12-25,604,5744,1109,10546.4,4,118,7.3,216.7,54464,2,89205,0,36923,0.681,54197
"60620",51,"12/19/2021",2021-12-25,909,9016,1335,13240.1,4,220,5.9,323.1,68096,1,76631,0,32734,0.483,67711
"60624",51,"12/19/2021",2021-12-25,572,5357,1582,14815.5,2,102,5.5,282.1,36158,1,38667,0,16909,0.485,34892
"60628",51,"12/19/2021",2021-12-25,940,9061,1409,13579.8,3,254,4.5,380.7,66724,1,74779,1,31563,0.491,64254
"60632",51,"12/19/2021",2021-12-25,572,15949,628,17518.9,1,225,1.1,247.1,91039,0,137233,0,60070,0.669,89857
"60645",50,"12/12/2021",2021-12-18,221,6419,463,13448,0,131,0,274.4,47732,174,75618,27,32282,0.683,47270
"60645",51,"12/19/2021",2021-12-25,414,6833,867,14315.3,1,132,2.1,276.5,47732,8,77103,1,32514,0.688,47270
"60645",52,"12/26/2021",2022-01-01,777,7610,1628,15943.2,4,136,8.4,284.9,47732,9,78528,1,32806,0.694,47270
"60645",1,"01/02/2022",2022-01-08,806,8416,1689,17631.8,2,138,4.2,289.1,47732,211,80239,47,33167,0.702,47270
"60645",2,"01/09/2022",2022-01-15,536,8952,1123,18754.7,2,140,4.2,293.3,47732,169,81896,24,33464,0.708,47270
"60645",3,"01/16/2022",2022-01-22,341,9293,714,19469.1,3,143,6.3,299.6,47732,149,83145,21,33729,0.714,47270
"60645",5,"01/30/2022",2022-02-05,116,9565,243,20039,3,147,6.3,308,47732,132,85223,53,34436,0.728,47270
"60645",6,"02/06/2022",2022-02-12,67,9632,140,20179.3,0,147,0,308,47732,70,85951,29,34760,0.735,47270
"60655",50,"12/12/2021",2021-12-18,249,4819,864,16730.3,0,39,0,135.4,28804,101,40529,34,17555,0.614,28569
"60655",51,"12/19/2021",2021-12-25,430,5249,1493,18223.2,0,39,0,135.4,28804,0,41273,0,17688,0.619,28569
"60655",52,"12/26/2021",2022-01-01,589,5838,2045,20268,1,40,3.5,138.9,28804,4,42081,1,17820,0.624,28569
"60655",1,"01/02/2022",2022-01-08,449,6287,1559,21826.8,1,41,3.5,142.3,28804,41,42764,8,17940,0.628,28569
"60655",2,"01/09/2022",2022-01-15,207,6494,719,22545.5,2,43,6.9,149.3,28804,65,43456,14,18050,0.632,28569
"60655",3,"01/16/2022",2022-01-22,135,6629,469,23014.2,4,47,13.9,163.2,28804,81,43988,17,18223,0.638,28569
"60655",4,"01/23/2022",2022-01-29,90,6719,312,23326.6,2,49,6.9,170.1,28804,58,44397,19,18402,0.644,28569
"60655",5,"01/30/2022",2022-02-05,32,6751,111,23437.7,2,51,6.9,177.1,28804,23,44693,14,18551,0.649,28569
"60655",6,"02/06/2022",2022-02-12,24,6775,83,23521,1,52,3.5,180.5,28804,43,44942,20,18647,0.653,28569
"60655",7,"02/13/2022",2022-02-19,19,6794,66,23587,0,52,0,180.5,28804,19,45096,13,18711,0.655,28569
"60656",50,"12/12/2021",2021-12-18,170,4411,616,15994.1,0,61,0,221.2,27579,99,39003,13,17105,0.606,28218
"60646",4,"01/23/2022",2022-01-29,100,5749,357,20541.7,0,93,0,332.3,27987,61,53445,15,21165,0.741,28569
"60646",5,"01/30/2022",2022-02-05,67,5816,239,20781.1,1,94,3.6,335.9,27987,38,53788,12,21285,0.745,28569
"60646",6,"02/06/2022",2022-02-12,42,5858,150,20931.1,0,94,0,335.9,27987,26,54040,12,21380,0.748,28569
"60656",51,"12/19/2021",2021-12-25,236,4647,856,16849.8,1,62,3.6,224.8,27579,0,39701,0,17219,0.61,28218
"60656",52,"12/26/2021",2022-01-01,378,5025,1371,18220.4,0,62,0,224.8,27579,2,40397,0,17350,0.615,28218
"60656",1,"01/02/2022",2022-01-08,507,5532,1838,20058.7,3,65,10.9,235.7,27579,103,41211,19,17502,0.62,28218
"60656",2,"01/09/2022",2022-01-15,281,5813,1019,21077.6,0,65,0,235.7,27579,83,41968,10,17649,0.625,28218
"60601",5,"01/30/2022",2022-02-05,48,4037,327,27509.4,0,13,0,88.6,14675,38,33486,4,12381,0.821,15083
"60606",5,"01/30/2022",2022-02-05,8,825,258,26604.3,1,7,32.2,225.7,3101,10,8568,1,3386,1.03,3287
"60611",5,"01/30/2022",2022-02-05,51,5475,157,16884.6,1,26,3.1,80.2,32426,45,73323,2,27037,0.814,33224
"60656",3,"01/16/2022",2022-01-22,178,5991,645,21723.1,4,69,14.5,250.2,27579,100,42625,14,17789,0.63,28218
"60656",4,"01/23/2022",2022-01-29,105,6096,381,22103.8,0,69,0,250.2,27579,67,43194,11,17945,0.636,28218
"60656",5,"01/30/2022",2022-02-05,58,6154,210,22314.1,0,69,0,250.2,27579,45,43582,15,18097,0.641,28218
"60656",6,"02/06/2022",2022-02-12,46,6200,167,22480.9,0,69,0,250.2,27579,45,43947,18,18235,0.646,28218
"60656",7,"02/13/2022",2022-02-19,28,6228,102,22582.4,0,69,0,250.2,27579,33,44188,15,18342,0.65,28218
"60666",5,"01/30/2022",2022-02-05,0,8,0,0,0,0,0,0,0,1,132,0,75,0,0
"60602",5,"01/30/2022",2022-02-05,4,325,322,26125.4,0,3,0,241.2,1244,3,3693,0,1278,1.12,1145
"60607",5,"01/30/2022",2022-02-05,48,5993,162,20252.8,0,16,0,54.1,29591,33,58189,8,22731,0.776,29293
"60615",5,"01/30/2022",2022-02-05,55,6072,132,14609.1,1,71,2.4,170.8,41563,82,72122,31,28014,0.69,40590
"60621",5,"01/30/2022",2022-02-05,38,5205,131,17922.3,3,139,10.3,478.6,29042,60,31513,30,13152,0.469,28018
"60666",51,"12/19/2021",2021-12-25,1,7,0,0,0,0,0,0,0,0,126,0,74,0,0
"60604",5,"01/30/2022",2022-02-05,4,329,512,42071.6,0,0,0,0,782,6,2226,1,810,0.984,823
"60608",5,"01/30/2022",2022-02-05,107,14939,135,18861.2,1,193,1.3,243.7,79205,174,128898,49,51506,0.643,80059
"60610",5,"01/30/2022",2022-02-05,70,7692,179,19713.5,2,51,5.1,130.7,39019,40,75349,9,29232,0.721,40548
"60613",5,"01/30/2022",2022-02-05,85,9045,170,18049.2,0,61,0,121.7,50113,81,103589,20,40061,0.789,50761
"60614",5,"01/30/2022",2022-02-05,148,12970,208,18188.7,4,113,5.6,158.5,71308,56,130893,7,50421,0.701,71954
"60603",5,"01/30/2022",2022-02-05,2,252,170,21465.1,0,0,0,0,1174,6,4108,1,1417,1.35,1052
"60638",5,"01/30/2022",2022-02-05,78,14111,133,23999.5,1,173,1.7,294.2,58797,138,91537,71,37652,0.642,58669
"60609",5,"01/30/2022",2022-02-05,86,12888,140,20957.8,6,210,9.8,341.5,61495,229,95632,87,39064,0.641,60939
"60612",5,"01/30/2022",2022-02-05,34,7411,99,21599.5,1,93,2.9,271.1,34311,56,50447,21,20416,0.605,33735
"60617",5,"01/30/2022",2022-02-05,72,14912,87,18067.7,1,239,1.2,289.6,82534,181,110251,76,45210,0.541,83553
"60619",5,"01/30/2022",2022-02-05,61,10533,100,17194.5,2,209,3.3,341.2,61258,116,81307,47,33166,0.542,61207
"60666",52,"12/26/2021",2022-01-01,0,7,0,0,0,0,0,0,0,0,126,0,74,0,0
"60605",5,"01/30/2022",2022-02-05,50,4758,182,17289.9,0,14,0,50.9,27519,43,60055,5,22880,0.787,29060
"60616",5,"01/30/2022",2022-02-05,67,8018,123,14721.7,4,130,7.3,238.7,54464,91,98903,27,38844,0.717,54197
"60620",5,"01/30/2022",2022-02-05,66,11813,97,17347.6,5,271,7.3,398,68096,142,85124,72,35039,0.517,67711
"60632",5,"01/30/2022",2022-02-05,121,20698,133,22735.3,2,244,2.2,268,91039,435,156077,154,64037,0.713,89857
"60605",52,"12/26/2021",2022-01-01,503,3870,1828,14063,0,14,0,50.9,27519,7,56881,2,22425,0.772,29060
"60616",52,"12/26/2021",2022-01-01,785,6529,1441,11987.7,2,120,3.7,220.3,54464,4,90720,2,37169,0.686,54197
"60620",52,"12/26/2021",2022-01-01,1215,10231,1784,15024.4,6,226,8.8,331.9,68096,11,78008,0,33030,0.488,67711
"60632",52,"12/26/2021",2022-01-01,1517,17466,1666,19185.2,2,227,2.2,249.3,91039,9,139804,3,60451,0.673,89857
"60639",52,"12/26/2021",2022-01-01,1913,20215,2113,22332.8,2,280,2.2,309.3,90517,18,135674,6,58862,0.667,88204
"60601",4,"01/23/2022",2022-01-29,74,3989,504,27182.3,0,13,0,88.6,14675,27,33237,5,12353,0.819,15083
"60606",4,"01/23/2022",2022-01-29,10,817,322,26346.3,0,6,0,193.5,3101,4,8511,0,3380,1.03,3287
"60611",4,"01/23/2022",2022-01-29,76,5424,234,16727.3,2,25,6.2,77.1,32426,46,72974,9,26977,0.812,33224
"60645",4,"01/23/2022",2022-01-29,156,9449,327,19795.9,1,144,2.1,301.7,47732,110,84259,26,34062,0.721,47270
"60647",1,"01/02/2022",2022-01-08,1207,15395,1379,17592.5,3,170,3.4,194.3,87509,309,153211,46,62268,0.711,87633
"60647",2,"01/09/2022",2022-01-15,712,16107,814,18406.1,8,178,9.1,203.4,87509,298,155843,41,62679,0.715,87633
"60647",3,"01/16/2022",2022-01-22,397,16504,454,18859.8,3,181,3.4,206.8,87509,236,157811,23,63008,0.719,87633
"60647",4,"01/23/2022",2022-01-29,268,16772,306,19166,3,184,3.4,210.3,87509,239,159603,39,63436,0.724,87633
"60647",5,"01/30/2022",2022-02-05,145,16917,166,19331.7,1,185,1.1,211.4,87509,159,160995,47,63868,0.729,87633
"60647",6,"02/06/2022",2022-02-12,81,16998,93,19424.3,2,187,2.3,213.7,87509,123,162186,43,64253,0.733,87633
"60666",4,"01/23/2022",2022-01-29,0,8,0,0,0,0,0,0,0,1,131,0,75,0,0
"60602",4,"01/23/2022",2022-01-29,4,321,322,25803.9,0,3,0,241.2,1244,1,3677,0,1277,1.12,1145
"60607",4,"01/23/2022",2022-01-29,91,5945,308,20090.6,0,16,0,54.1,29591,51,57833,12,22631,0.773,29293
"60615",4,"01/23/2022",2022-01-29,70,6017,168,14476.8,2,70,4.8,168.4,41563,86,71530,19,27799,0.685,40590
"60621",4,"01/23/2022",2022-01-29,49,5167,169,17791.5,2,136,6.9,468.3,29042,52,31007,17,12942,0.462,28018
"60622",4,"01/23/2022",2022-01-29,166,10765,314,20391,2,98,3.8,185.6,52793,87,101123,12,39841,0.748,53294
"60625",4,"01/23/2022",2022-01-29,243,14767,307,18635.1,4,227,5,286.5,79243,217,146354,47,58195,0.733,79444
"60666",2,"01/09/2022",2022-01-15,0,8,0,0,0,0,0,0,0,0,128,0,74,0,0
"60603",4,"01/23/2022",2022-01-29,5,250,426,21294.7,0,0,0,0,1174,10,4052,1,1407,1.34,1052
"60605",4,"01/23/2022",2022-01-29,83,4708,302,17108.2,0,14,0,50.9,27519,49,59725,8,22819,0.785,29060
"60609",4,"01/23/2022",2022-01-29,160,12802,260,20818,7,204,11.4,331.7,61495,190,94156,47,38533,0.632,60939
"60616",4,"01/23/2022",2022-01-29,118,7951,217,14598.6,0,126,0,231.3,54464,156,98140,64,38614,0.712,54197
"60620",4,"01/23/2022",2022-01-29,95,11747,140,17250.6,9,266,13.2,390.6,68096,155,84076,46,34615,0.511,67711
"60624",4,"01/23/2022",2022-01-29,76,6976,210,19293.1,3,112,8.3,309.8,36158,63,43735,20,18281,0.524,34892
"60628",4,"01/23/2022",2022-01-29,84,11907,126,17845.2,5,295,7.5,442.1,66724,132,82005,41,33458,0.521,64254
"60632",4,"01/23/2022",2022-01-29,231,20577,254,22602.4,4,242,4.4,265.8,91039,405,153653,126,63172,0.703,89857
"60639",4,"01/23/2022",2022-01-29,228,23797,252,26290.1,2,291,2.2,321.5,90517,474,149465,100,61674,0.699,88204
"60605",2,"01/09/2022",2022-01-15,232,4513,843,16399.6,0,14,0,50.9,27519,68,58424,5,22632,0.779,29060
"60616",2,"01/09/2022",2022-01-15,406,7596,745,13946.8,2,123,3.7,225.8,54464,166,95230,37,38024,0.702,54197
"60657",50,"12/12/2021",2021-12-18,903,8505,1289,12141,1,50,1.4,71.4,70052,377,130350,45,53133,0.749,70958
"60657",51,"12/19/2021",2021-12-25,1203,9708,1717,13858.3,1,51,1.4,72.8,70052,1,132810,0,53358,0.752,70958
"60657",52,"12/26/2021",2022-01-01,972,10680,1388,15245.8,0,51,0,72.8,70052,7,134521,1,53552,0.755,70958
"60657",1,"01/02/2022",2022-01-08,941,11621,1343,16589.1,4,55,5.7,78.5,70052,241,136432,30,53789,0.758,70958
"60657",2,"01/09/2022",2022-01-15,578,12199,825,17414.2,0,55,0,78.5,70052,179,138054,18,53967,0.761,70958
"60657",3,"01/16/2022",2022-01-22,382,12581,545,17959.5,0,55,0,78.5,70052,127,139325,11,54144,0.763,70958
"60657",4,"01/23/2022",2022-01-29,243,12824,347,18306.4,1,56,1.4,79.9,70052,99,140231,19,54300,0.765,70958
"60657",5,"01/30/2022",2022-02-05,137,12961,196,18502,0,56,0,79.9,70052,97,140858,19,54427,0.767,70958
"60657",6,"02/06/2022",2022-02-12,112,13073,160,18661.9,2,58,2.9,82.8,70052,60,141395,13,54548,0.769,70958
"60657",7,"02/13/2022",2022-02-19,65,13138,93,18754.6,0,58,0,82.8,70052,29,141731,3,54617,0.77,70958
"60659",50,"12/12/2021",2021-12-18,145,5353,353,13034.5,0,107,0,260.5,41068,171,64748,35,28186,0.66,42735
"60659",51,"12/19/2021",2021-12-25,320,5673,779,13813.7,2,109,4.9,265.4,41068,8,66002,2,28397,0.664,42735
"60659",52,"12/26/2021",2022-01-01,648,6321,1578,15391.5,1,110,2.4,267.8,41068,10,67196,6,28606,0.669,42735
"60659",1,"01/02/2022",2022-01-08,719,7040,1751,17142.3,2,112,4.9,272.7,41068,237,68781,40,28869,0.676,42735
"60659",2,"01/09/2022",2022-01-15,480,7520,1169,18311.1,3,115,7.3,280,41068,140,70289,17,29122,0.681,42735
"60659",3,"01/16/2022",2022-01-22,290,7810,706,19017.2,2,117,4.9,284.9,41068,124,71395,17,29367,0.687,42735
"60659",4,"01/23/2022",2022-01-29,157,7967,382,19399.5,4,121,9.7,294.6,41068,136,72501,43,29673,0.694,42735
"60659",5,"01/30/2022",2022-02-05,83,8050,202,19601.6,0,121,0,294.6,41068,122,73334,48,29993,0.702,42735
"60659",6,"02/06/2022",2022-02-12,62,8112,151,19752.6,1,122,2.4,297.1,41068,109,74060,41,30298,0.709,42735
"60659",7,"02/13/2022",2022-02-19,31,8143,76,19828.1,1,123,2.4,299.5,41068,80,74567,36,30538,0.715,42735
"60660",50,"12/12/2021",2021-12-18,262,4054,606,9375.1,1,82,2.3,189.6,43242,223,74316,22,30595,0.688,44498
"60660",51,"12/19/2021",2021-12-25,420,4474,971,10346.4,0,82,0,189.6,43242,2,75756,0,30773,0.692,44498
"60660",52,"12/26/2021",2022-01-01,537,5011,1242,11588.3,1,83,2.3,191.9,43242,5,76980,1,30917,0.695,44498
"60660",1,"01/02/2022",2022-01-08,586,5597,1355,12943.4,2,85,4.6,196.6,43242,187,78309,22,31122,0.699,44498
"60660",2,"01/09/2022",2022-01-15,362,5959,837,13780.6,1,86,2.3,198.9,43242,132,79523,15,31288,0.703,44498
"60660",3,"01/16/2022",2022-01-22,194,6153,449,14229.2,3,89,6.9,205.8,43242,87,80446,14,31429,0.706,44498
"60660",4,"01/23/2022",2022-01-29,116,6269,268,14497.5,3,92,6.9,212.8,43242,99,81286,17,31597,0.71,44498
"60660",5,"01/30/2022",2022-02-05,73,6342,169,14666.3,2,94,4.6,217.4,43242,109,81862,36,31752,0.714,44498
"60660",6,"02/06/2022",2022-02-12,67,6409,155,14821.2,2,96,4.6,222,43242,54,82358,9,31884,0.717,44498
"60652",1,"01/02/2022",2022-01-08,861,9289,1961,21156.1,2,120,4.6,273.3,43907,165,66032,43,27741,0.639,43447
"60652",2,"01/09/2022",2022-01-15,351,9640,799,21955.5,4,124,9.1,282.4,43907,182,67638,31,28029,0.645,43447
"60652",3,"01/16/2022",2022-01-22,177,9817,403,22358.6,2,126,4.6,287,43907,247,69041,29,28343,0.652,43447
"60652",4,"01/23/2022",2022-01-29,105,9922,239,22597.8,2,128,4.6,291.5,43907,175,70270,42,28713,0.661,43447
"60652",5,"01/30/2022",2022-02-05,60,9982,137,22734.4,4,132,9.1,300.6,43907,143,71280,62,29120,0.67,43447
"60652",6,"02/06/2022",2022-02-12,49,10031,112,22846,2,134,4.6,305.2,43907,216,72266,78,29467,0.678,43447
"60666",6,"02/06/2022",2022-02-12,0,8,0,0,0,0,0,0,0,1,133,0,75,0,0
"60602",6,"02/06/2022",2022-02-12,2,327,161,26286.2,0,3,0,241.2,1244,0,3723,0,1281,1.12,1145
"60661",50,"12/12/2021",2021-12-18,135,1321,1360,13308.5,0,2,0,20.1,9926,64,20704,9,8638,0.834,10354
"60661",51,"12/19/2021",2021-12-25,240,1561,2418,15726.4,0,2,0,20.1,9926,1,21202,0,8678,0.838,10354
"60661",52,"12/26/2021",2022-01-01,180,1741,1813,17539.8,0,2,0,20.1,9926,0,21509,0,8717,0.842,10354
"60661",1,"01/02/2022",2022-01-08,158,1899,1592,19131.6,0,2,0,20.1,9926,36,21858,9,8766,0.847,10354
"60661",2,"01/09/2022",2022-01-15,79,1978,796,19927.5,0,2,0,20.1,9926,23,22149,1,8819,0.852,10354
"60661",3,"01/16/2022",2022-01-22,62,2040,625,20552.1,0,2,0,20.1,9926,21,22396,2,8849,0.855,10354
"60661",4,"01/23/2022",2022-01-29,38,2078,383,20934.9,0,2,0,20.1,9926,20,22600,6,8894,0.859,10354
"60661",5,"01/30/2022",2022-02-05,15,2093,151,21086,0,2,0,20.1,9926,14,22716,2,8910,0.861,10354
"60661",6,"02/06/2022",2022-02-12,13,2106,131,21217,0,2,0,20.1,9926,5,22819,1,8932,0.863,10354
"60604",6,"02/06/2022",2022-02-12,1,330,128,42199.5,0,0,0,0,782,3,2257,0,812,0.987,823
"60605",6,"02/06/2022",2022-02-12,31,4789,113,17402.5,1,15,3.6,54.5,27519,29,60354,7,22935,0.789,29060
"60608",6,"02/06/2022",2022-02-12,58,14997,73,18934.4,0,193,0,243.7,79205,276,130258,99,51943,0.649,80059
"60609",6,"02/06/2022",2022-02-12,65,12953,106,21063.5,6,216,9.8,351.2,61495,177,97076,71,39664,0.651,60939
"60612",6,"02/06/2022",2022-02-12,35,7446,102,21701.5,0,93,0,271.1,34311,47,51040,23,20648,0.612,33735
"60616",6,"02/06/2022",2022-02-12,42,8060,77,14798.8,2,132,3.7,242.4,54464,103,99654,41,39066,0.721,54197
"60666",7,"02/13/2022",2022-02-19,0,8,0,0,0,0,0,0,0,0,134,0,76,0,0
"60604",7,"02/13/2022",2022-02-19,1,331,128,42327.4,0,0,0,0,782,2,2277,0,816,0.991,823
"60609",7,"02/13/2022",2022-02-19,31,12984,50,21113.9,1,217,1.6,352.9,61495,124,98046,50,40070,0.658,60939
"60613",7,"02/13/2022",2022-02-19,35,9137,70,18232.8,0,62,0,123.7,50113,53,104433,12,40244,0.793,50761
"60614",7,"02/13/2022",2022-02-19,52,13117,73,18394.9,0,113,0,158.5,71308,48,131794,11,50600,0.703,71954
"60619",7,"02/13/2022",2022-02-19,17,10583,28,17276.1,2,215,3.3,351,61258,87,82955,28,33840,0.553,61207
"60623",7,"02/13/2022",2022-02-19,33,19033,38,22136.8,0,317,0,368.7,85979,273,132619,128,54456,0.67,81283
"60624",7,"02/13/2022",2022-02-19,16,7026,44,19431.4,1,114,2.8,315.3,36158,82,45955,37,19276,0.552,34892
"60630",7,"02/13/2022",2022-02-19,42,11720,73,20438.1,3,177,5.2,308.7,57344,84,99931,30,40392,0.716,56433
"60643",7,"02/13/2022",2022-02-19,25,9497,50,19043.5,0,200,0,401,49870,58,80244,22,32002,0.655,48887
"60649",7,"02/13/2022",2022-02-19,20,7698,44,16726.1,0,217,0,471.5,46024,56,56103,16,22934,0.492,46633
"60660",7,"02/13/2022",2022-02-19,45,6454,104,14925.3,0,96,0,222,43242,47,82720,7,31995,0.719,44498
"60661",7,"02/13/2022",2022-02-19,13,2119,131,21348,0,2,0,20.1,9926,11,22879,4,8945,0.864,10354
